{
"lengthUnit": "mil",
"components": {
	"fields": ["COMPONENT_NO", "COMPONENT_NAME", "LAYER", "X_COORDINATE", "Y_COORDINATE", "ANGLE"],
	"rows": [
		[1, "C1", "T", 460.62, -844.47, 90],
		[2, "C2", "T", 566.25, -845.1, 90],
		[3, "C3", "T", 360.63, -635.63, 90],
		[4, "C4", "T", 465, -635, 90],
		[5, "C5", "T", 566.25, -1077.92, 90],
		[6, "C6", "T", 1836.81, -754.37, 90],
		[7, "C7", "T", 1836.81, -935, 270],
		[8, "C8", "T", 460, -1080, 270],
		[9, "C9", "T", 715.03, -1190, 0],
		[10, "C10", "T", 1010, -1190, 0],
		[11, "H1", "T", 1470, -90, 0],
		[12, "H2", "T", 1470, -1485, 0],
		[13, "H3", "T", 2385, -815, 90],
		[14, "H4", "T", 2640, -810, 270],
		[15, "H5", "T", 420, -1485, 0],
		[16, "LED1", "T", 411.37, -169.82, 180],
		[17, "LED2", "T", 1447.47, -1183.23, 0],
		[18, "LED3", "T", 1447.47, -1302.7, 0],
		[19, "R1", "T", 405, -354.4, 0],
		[20, "R2", "T", 405, -446.81, 0],
		[21, "R3", "T", 405, -265, 0],
		[22, "R4", "T", 210, -1190.53, 0],
		[23, "R5", "T", 1700, -1185.53, 0],
		[24, "R6", "T", 1700, -1305, 0],
		[25, "R7", "B", 725, -260, 90],
		[26, "R8", "B", 825.71, -260, 90],
		[27, "R9", "B", 926.43, -260, 90],
		[28, "R10", "B", 1027.14, -260, 90],
		[29, "R11", "B", 1127.86, -260, 90],
		[30, "R12", "B", 1228.57, -260, 90],
		[31, "R13", "B", 1329.29, -260, 90],
		[32, "R14", "B", 1430, -260, 90],
		[33, "SW2", "T", 205, -910, 270],
		[34, "SW3", "T", 415, -1305, 180],
		[35, "SW4", "T", 715.03, -1305, 0],
		[36, "SW5", "T", 1015, -1305, 180],
		[37, "U1", "T", 830, -675, 90],
		[38, "U2", "T", 1370, -820, 0],
		[39, "U3", "T", 2055, -830, 270],
		[40, "USB1", "T", 155, -490, 270]
	]
},
"pins": {
	"fields": ["PIN_NO", "PIN_NAME", "PIN_X", "PIN_Y", "LAYER", "PIN_TYPE", "NET_NAME", "NET_TYPE", "PAD_SHAPE", "PAD_SIZEX", "PAD_SIZEY", "HOLE_SIZE", "PAD_ANGLE"],
	"rows": [
		[1, "C1_1", 460.62, -883.84, "T", "SMD", "GND", "GND", "R", 55.51, 53.15, 0, 90],
		[2, "C1_2", 460.62, -805.1, "T", "SMD", "+5V", "", "R", 55.51, 53.15, 0, 90],
		[3, "C2_1", 566.25, -884.47, "T", "SMD", "GND", "GND", "R", 55.51, 53.15, 0, 90],
		[4, "C2_2", 566.25, -805.73, "T", "SMD", "+5V", "", "R", 55.51, 53.15, 0, 90],
		[5, "C3_1", 360.63, -675, "T", "SMD", "GND", "GND", "R", 55.51, 53.15, 0, 90],
		[6, "C3_2", 360.63, -596.26, "T", "SMD", "3.3V", "", "R", 55.51, 53.15, 0, 90],
		[7, "C4_1", 465, -674.37, "T", "SMD", "GND", "GND", "R", 55.51, 53.15, 0, 90],
		[8, "C4_2", 465, -595.63, "T", "SMD", "3.3V", "", "R", 55.51, 53.15, 0, 90],
		[9, "C5_1", 566.25, -1117.29, "T", "SMD", "GND", "GND", "R", 55.51, 53.15, 0, 90],
		[10, "C5_2", 566.25, -1038.55, "T", "SMD", "+5V", "", "R", 55.51, 53.15, 0, 90],
		[11, "C6_1", 1836.81, -793.74, "T", "SMD", "XTAL1", "", "R", 55.51, 53.15, 0, 90],
		[12, "C6_2", 1836.81, -715, "T", "SMD", "GND", "GND", "R", 55.51, 53.15, 0, 90],
		[13, "C7_1", 1836.81, -895.63, "T", "SMD", "XTAL2", "", "R", 55.51, 53.15, 0, 270],
		[14, "C7_2", 1836.81, -974.37, "T", "SMD", "GND", "GND", "R", 55.51, 53.15, 0, 270],
		[15, "C8_1", 460, -1040.63, "T", "SMD", "+5V", "", "R", 55.51, 53.15, 0, 270],
		[16, "C8_2", 460, -1119.37, "T", "SMD", "RST", "", "R", 55.51, 53.15, 0, 270],
		[17, "C9_1", 675.66, -1190, "T", "SMD", "P2.0", "", "R", 55.51, 53.15, 0, 0],
		[18, "C9_2", 754.4, -1190, "T", "SMD", "GND", "GND", "R", 55.51, 53.15, 0, 0],
		[19, "C10_1", 970.63, -1190, "T", "SMD", "P2.1", "", "R", 55.51, 53.15, 0, 0],
		[20, "C10_2", 1049.37, -1190, "T", "SMD", "GND", "GND", "R", 55.51, 53.15, 0, 0],
		[21, "H1_1", 720, -90, "T", "DIP", "P0.0", "", "R", 70.87, 70.87, 43.31, 0],
		[22, "H1_1", 720, -90, "B", "DIP", "P0.0", "", "R", 70.87, 70.87, 43.31, 0],
		[23, "H1_2", 820, -90, "T", "DIP", "P0.1", "", "C", 70.87, 70.87, 43.31, 0],
		[24, "H1_2", 820, -90, "B", "DIP", "P0.1", "", "C", 70.87, 70.87, 43.31, 0],
		[25, "H1_3", 920, -90, "T", "DIP", "P0.2", "", "C", 70.87, 70.87, 43.31, 0],
		[26, "H1_3", 920, -90, "B", "DIP", "P0.2", "", "C", 70.87, 70.87, 43.31, 0],
		[27, "H1_4", 1020, -90, "T", "DIP", "P0.3", "", "C", 70.87, 70.87, 43.31, 0],
		[28, "H1_4", 1020, -90, "B", "DIP", "P0.3", "", "C", 70.87, 70.87, 43.31, 0],
		[29, "H1_5", 1120, -90, "T", "DIP", "P0.4", "", "C", 70.87, 70.87, 43.31, 0],
		[30, "H1_5", 1120, -90, "B", "DIP", "P0.4", "", "C", 70.87, 70.87, 43.31, 0],
		[31, "H1_6", 1220, -90, "T", "DIP", "P0.5", "", "C", 70.87, 70.87, 43.31, 0],
		[32, "H1_6", 1220, -90, "B", "DIP", "P0.5", "", "C", 70.87, 70.87, 43.31, 0],
		[33, "H1_7", 1320, -90, "T", "DIP", "P0.6", "", "C", 70.87, 70.87, 43.31, 0],
		[34, "H1_7", 1320, -90, "B", "DIP", "P0.6", "", "C", 70.87, 70.87, 43.31, 0],
		[35, "H1_8", 1420, -90, "T", "DIP", "P0.7", "", "C", 70.87, 70.87, 43.31, 0],
		[36, "H1_8", 1420, -90, "B", "DIP", "P0.7", "", "C", 70.87, 70.87, 43.31, 0],
		[37, "H1_9", 1520, -90, "T", "DIP", "P2.7", "", "C", 70.87, 70.87, 43.31, 0],
		[38, "H1_9", 1520, -90, "B", "DIP", "P2.7", "", "C", 70.87, 70.87, 43.31, 0],
		[39, "H1_10", 1620, -90, "T", "DIP", "P2.6", "", "C", 70.87, 70.87, 43.31, 0],
		[40, "H1_10", 1620, -90, "B", "DIP", "P2.6", "", "C", 70.87, 70.87, 43.31, 0],
		[41, "H1_11", 1720, -90, "T", "DIP", "P2.5", "", "C", 70.87, 70.87, 43.31, 0],
		[42, "H1_11", 1720, -90, "B", "DIP", "P2.5", "", "C", 70.87, 70.87, 43.31, 0],
		[43, "H1_12", 1820, -90, "T", "DIP", "P2.4", "", "C", 70.87, 70.87, 43.31, 0],
		[44, "H1_12", 1820, -90, "B", "DIP", "P2.4", "", "C", 70.87, 70.87, 43.31, 0],
		[45, "H1_13", 1920, -90, "T", "DIP", "P2.3", "", "C", 70.87, 70.87, 43.31, 0],
		[46, "H1_13", 1920, -90, "B", "DIP", "P2.3", "", "C", 70.87, 70.87, 43.31, 0],
		[47, "H1_14", 2020, -90, "T", "DIP", "P2.2", "", "C", 70.87, 70.87, 43.31, 0],
		[48, "H1_14", 2020, -90, "B", "DIP", "P2.2", "", "C", 70.87, 70.87, 43.31, 0],
		[49, "H1_15", 2120, -90, "T", "DIP", "P2.1", "", "C", 70.87, 70.87, 43.31, 0],
		[50, "H1_15", 2120, -90, "B", "DIP", "P2.1", "", "C", 70.87, 70.87, 43.31, 0],
		[51, "H1_16", 2220, -90, "T", "DIP", "P2.0", "", "C", 70.87, 70.87, 43.31, 0],
		[52, "H1_16", 2220, -90, "B", "DIP", "P2.0", "", "C", 70.87, 70.87, 43.31, 0],
		[53, "H2_1", 720, -1485, "T", "DIP", "P1.0", "", "R", 70.87, 70.87, 43.31, 0],
		[54, "H2_1", 720, -1485, "B", "DIP", "P1.0", "", "R", 70.87, 70.87, 43.31, 0],
		[55, "H2_2", 820, -1485, "T", "DIP", "P1.1", "", "C", 70.87, 70.87, 43.31, 0],
		[56, "H2_2", 820, -1485, "B", "DIP", "P1.1", "", "C", 70.87, 70.87, 43.31, 0],
		[57, "H2_3", 920, -1485, "T", "DIP", "P1.2", "", "C", 70.87, 70.87, 43.31, 0],
		[58, "H2_3", 920, -1485, "B", "DIP", "P1.2", "", "C", 70.87, 70.87, 43.31, 0],
		[59, "H2_4", 1020, -1485, "T", "DIP", "P1.3", "", "C", 70.87, 70.87, 43.31, 0],
		[60, "H2_4", 1020, -1485, "B", "DIP", "P1.3", "", "C", 70.87, 70.87, 43.31, 0],
		[61, "H2_5", 1120, -1485, "T", "DIP", "P1.4", "", "C", 70.87, 70.87, 43.31, 0],
		[62, "H2_5", 1120, -1485, "B", "DIP", "P1.4", "", "C", 70.87, 70.87, 43.31, 0],
		[63, "H2_6", 1220, -1485, "T", "DIP", "P1.5", "", "C", 70.87, 70.87, 43.31, 0],
		[64, "H2_6", 1220, -1485, "B", "DIP", "P1.5", "", "C", 70.87, 70.87, 43.31, 0],
		[65, "H2_7", 1320, -1485, "T", "DIP", "P1.6", "", "C", 70.87, 70.87, 43.31, 0],
		[66, "H2_7", 1320, -1485, "B", "DIP", "P1.6", "", "C", 70.87, 70.87, 43.31, 0],
		[67, "H2_8", 1420, -1485, "T", "DIP", "P1.7", "", "C", 70.87, 70.87, 43.31, 0],
		[68, "H2_8", 1420, -1485, "B", "DIP", "P1.7", "", "C", 70.87, 70.87, 43.31, 0],
		[69, "H2_9", 1520, -1485, "T", "DIP", "P3.0", "", "C", 70.87, 70.87, 43.31, 0],
		[70, "H2_9", 1520, -1485, "B", "DIP", "P3.0", "", "C", 70.87, 70.87, 43.31, 0],
		[71, "H2_10", 1620, -1485, "T", "DIP", "P3.1", "", "C", 70.87, 70.87, 43.31, 0],
		[72, "H2_10", 1620, -1485, "B", "DIP", "P3.1", "", "C", 70.87, 70.87, 43.31, 0],
		[73, "H2_11", 1720, -1485, "T", "DIP", "P3.2", "", "C", 70.87, 70.87, 43.31, 0],
		[74, "H2_11", 1720, -1485, "B", "DIP", "P3.2", "", "C", 70.87, 70.87, 43.31, 0],
		[75, "H2_12", 1820, -1485, "T", "DIP", "P3.3", "", "C", 70.87, 70.87, 43.31, 0],
		[76, "H2_12", 1820, -1485, "B", "DIP", "P3.3", "", "C", 70.87, 70.87, 43.31, 0],
		[77, "H2_13", 1920, -1485, "T", "DIP", "P3.4", "", "C", 70.87, 70.87, 43.31, 0],
		[78, "H2_13", 1920, -1485, "B", "DIP", "P3.4", "", "C", 70.87, 70.87, 43.31, 0],
		[79, "H2_14", 2020, -1485, "T", "DIP", "P3.5", "", "C", 70.87, 70.87, 43.31, 0],
		[80, "H2_14", 2020, -1485, "B", "DIP", "P3.5", "", "C", 70.87, 70.87, 43.31, 0],
		[81, "H2_15", 2120, -1485, "T", "DIP", "P3.6", "", "C", 70.87, 70.87, 43.31, 0],
		[82, "H2_15", 2120, -1485, "B", "DIP", "P3.6", "", "C", 70.87, 70.87, 43.31, 0],
		[83, "H2_16", 2220, -1485, "T", "DIP", "P3.7", "", "C", 70.87, 70.87, 43.31, 0],
		[84, "H2_16", 2220, -1485, "B", "DIP", "P3.7", "", "C", 70.87, 70.87, 43.31, 0],
		[85, "H3_1", 2385, -1115, "T", "DIP", "P4.0", "", "R", 66.93, 66.93, 43.31, 90],
		[86, "H3_1", 2385, -1115, "B", "DIP", "P4.0", "", "R", 66.93, 66.93, 43.31, 90],
		[87, "H3_2", 2385, -1015, "T", "DIP", "P4.1", "", "C", 66.93, 66.93, 43.31, 90],
		[88, "H3_2", 2385, -1015, "B", "DIP", "P4.1", "", "C", 66.93, 66.93, 43.31, 90],
		[89, "H3_3", 2385, -915, "T", "DIP", "P4.2", "", "C", 66.93, 66.93, 43.31, 90],
		[90, "H3_3", 2385, -915, "B", "DIP", "P4.2", "", "C", 66.93, 66.93, 43.31, 90],
		[91, "H3_4", 2385, -815, "T", "DIP", "P4.3", "", "C", 66.93, 66.93, 43.31, 90],
		[92, "H3_4", 2385, -815, "B", "DIP", "P4.3", "", "C", 66.93, 66.93, 43.31, 90],
		[93, "H3_5", 2385, -715, "T", "DIP", "P4.4", "", "C", 66.93, 66.93, 43.31, 90],
		[94, "H3_5", 2385, -715, "B", "DIP", "P4.4", "", "C", 66.93, 66.93, 43.31, 90],
		[95, "H3_6", 2385, -615, "T", "DIP", "P4.5", "", "C", 66.93, 66.93, 43.31, 90],
		[96, "H3_6", 2385, -615, "B", "DIP", "P4.5", "", "C", 66.93, 66.93, 43.31, 90],
		[97, "H3_7", 2385, -515, "T", "DIP", "P4.6", "", "C", 66.93, 66.93, 43.31, 90],
		[98, "H3_7", 2385, -515, "B", "DIP", "P4.6", "", "C", 66.93, 66.93, 43.31, 90],
		[99, "H4_1", 2640, -510, "T", "DIP", "+5V", "", "R", 66.93, 66.93, 43.31, 270],
		[100, "H4_1", 2640, -510, "B", "DIP", "+5V", "", "R", 66.93, 66.93, 43.31, 270],
		[101, "H4_2", 2640, -610, "T", "DIP", "+5V", "", "C", 66.93, 66.93, 43.31, 270],
		[102, "H4_2", 2640, -610, "B", "DIP", "+5V", "", "C", 66.93, 66.93, 43.31, 270],
		[103, "H4_3", 2640, -710, "T", "DIP", "3.3V", "", "C", 66.93, 66.93, 43.31, 270],
		[104, "H4_3", 2640, -710, "B", "DIP", "3.3V", "", "C", 66.93, 66.93, 43.31, 270],
		[105, "H4_4", 2640, -810, "T", "DIP", "3.3V", "", "C", 66.93, 66.93, 43.31, 270],
		[106, "H4_4", 2640, -810, "B", "DIP", "3.3V", "", "C", 66.93, 66.93, 43.31, 270],
		[107, "H4_5", 2640, -910, "T", "DIP", "GND", "GND", "C", 66.93, 66.93, 43.31, 270],
		[108, "H4_5", 2640, -910, "B", "DIP", "GND", "GND", "C", 66.93, 66.93, 43.31, 270],
		[109, "H4_6", 2640, -1010, "T", "DIP", "GND", "GND", "C", 66.93, 66.93, 43.31, 270],
		[110, "H4_6", 2640, -1010, "B", "DIP", "GND", "GND", "C", 66.93, 66.93, 43.31, 270],
		[111, "H4_7", 2640, -1110, "T", "DIP", "GND", "GND", "C", 66.93, 66.93, 43.31, 270],
		[112, "H4_7", 2640, -1110, "B", "DIP", "GND", "GND", "C", 66.93, 66.93, 43.31, 270],
		[113, "H5_1", 270, -1485, "T", "DIP", "P3.0", "", "R", 66.93, 66.93, 43.31, 0],
		[114, "H5_1", 270, -1485, "B", "DIP", "P3.0", "", "R", 66.93, 66.93, 43.31, 0],
		[115, "H5_2", 370, -1485, "T", "DIP", "P3.1", "", "C", 66.93, 66.93, 43.31, 0],
		[116, "H5_2", 370, -1485, "B", "DIP", "P3.1", "", "C", 66.93, 66.93, 43.31, 0],
		[117, "H5_3", 470, -1485, "T", "DIP", "+5V", "", "C", 66.93, 66.93, 43.31, 0],
		[118, "H5_3", 470, -1485, "B", "DIP", "+5V", "", "C", 66.93, 66.93, 43.31, 0],
		[119, "H5_4", 570, -1485, "T", "DIP", "GND", "GND", "C", 66.93, 66.93, 43.31, 0],
		[120, "H5_4", 570, -1485, "B", "DIP", "GND", "GND", "C", 66.93, 66.93, 43.31, 0],
		[121, "LED1_1", 456.65, -170.02, "T", "SMD", "GND", "GND", "R", 39.37, 49.21, 0, 0],
		[122, "LED1_2", 370.03, -170.02, "T", "SMD", "$1N1205", "", "R", 39.37, 49.21, 0, 0],
		[123, "LED2_1", 1402.19, -1183.03, "T", "SMD", "P1.1", "", "R", 39.37, 49.21, 0, 180],
		[124, "LED2_2", 1488.81, -1183.03, "T", "SMD", "$1N3649", "", "R", 39.37, 49.21, 0, 180],
		[125, "LED3_1", 1402.19, -1302.5, "T", "SMD", "P1.0", "", "R", 39.37, 49.21, 0, 180],
		[126, "LED3_2", 1488.81, -1302.5, "T", "SMD", "$1N3645", "", "R", 39.37, 49.21, 0, 180],
		[127, "R1_1", 365.63, -354.4, "T", "SMD", "$1N227", "", "R", 44.59, 54.21, 0, 0],
		[128, "R1_2", 444.37, -354.4, "T", "SMD", "GND", "GND", "R", 44.59, 54.21, 0, 0],
		[129, "R2_1", 365.63, -446.81, "T", "SMD", "$1N243", "", "R", 44.59, 54.21, 0, 0],
		[130, "R2_2", 444.37, -446.81, "T", "SMD", "GND", "GND", "R", 44.59, 54.21, 0, 0],
		[131, "R3_1", 365.63, -265, "T", "SMD", "3.3V", "", "R", 44.59, 54.21, 0, 0],
		[132, "R3_2", 444.37, -265, "T", "SMD", "$1N1205", "", "R", 44.59, 54.21, 0, 0],
		[133, "R4_1", 170.63, -1190.53, "T", "SMD", "GND", "GND", "R", 44.59, 54.21, 0, 0],
		[134, "R4_2", 249.37, -1190.53, "T", "SMD", "RST", "", "R", 44.59, 54.21, 0, 0],
		[135, "R5_1", 1660.63, -1185.53, "T", "SMD", "3.3V", "", "R", 44.59, 54.21, 0, 0],
		[136, "R5_2", 1739.37, -1185.53, "T", "SMD", "$1N3649", "", "R", 44.59, 54.21, 0, 0],
		[137, "R6_1", 1660.63, -1305, "T", "SMD", "3.3V", "", "R", 44.59, 54.21, 0, 0],
		[138, "R6_2", 1739.37, -1305, "T", "SMD", "$1N3645", "", "R", 44.59, 54.21, 0, 0],
		[139, "R7_1", 725, -299.37, "B", "SMD", "+5V", "", "R", 44.59, 54.21, 0, 90],
		[140, "R7_2", 725, -220.63, "B", "SMD", "P0.0", "", "R", 44.59, 54.21, 0, 90],
		[141, "R8_1", 825.71, -299.37, "B", "SMD", "+5V", "", "R", 44.59, 54.21, 0, 90],
		[142, "R8_2", 825.71, -220.63, "B", "SMD", "P0.1", "", "R", 44.59, 54.21, 0, 90],
		[143, "R9_1", 926.43, -299.37, "B", "SMD", "+5V", "", "R", 44.59, 54.21, 0, 90],
		[144, "R9_2", 926.43, -220.63, "B", "SMD", "P0.2", "", "R", 44.59, 54.21, 0, 90],
		[145, "R10_1", 1027.14, -299.37, "B", "SMD", "+5V", "", "R", 44.59, 54.21, 0, 90],
		[146, "R10_2", 1027.14, -220.63, "B", "SMD", "P0.3", "", "R", 44.59, 54.21, 0, 90],
		[147, "R11_1", 1127.86, -299.37, "B", "SMD", "+5V", "", "R", 44.59, 54.21, 0, 90],
		[148, "R11_2", 1127.86, -220.63, "B", "SMD", "P0.4", "", "R", 44.59, 54.21, 0, 90],
		[149, "R12_1", 1228.57, -299.37, "B", "SMD", "+5V", "", "R", 44.59, 54.21, 0, 90],
		[150, "R12_2", 1228.57, -220.63, "B", "SMD", "P0.5", "", "R", 44.59, 54.21, 0, 90],
		[151, "R13_1", 1329.29, -299.37, "B", "SMD", "+5V", "", "R", 44.59, 54.21, 0, 90],
		[152, "R13_2", 1329.29, -220.63, "B", "SMD", "P0.6", "", "R", 44.59, 54.21, 0, 90],
		[153, "R14_1", 1430, -299.37, "B", "SMD", "+5V", "", "R", 44.59, 54.21, 0, 90],
		[154, "R14_2", 1430, -220.63, "B", "SMD", "P0.7", "", "R", 44.59, 54.21, 0, 90],
		[155, "SW2_1", 325.08, -811.58, "T", "SMD", "GND", "GND", "R", 27.56, 70.87, 0, 270],
		[156, "SW2_2", 325.08, -910, "T", "SMD", "GND", "GND", "R", 27.56, 70.87, 0, 270],
		[157, "SW2_3", 325.08, -1008.42, "T", "SMD", "GND", "GND", "R", 27.56, 70.87, 0, 270],
		[158, "SW2_4", 84.92, -811.58, "T", "SMD", "VCC+5V", "", "R", 27.56, 70.87, 0, 270],
		[159, "SW2_5", 84.92, -910, "T", "SMD", "+5V", "", "R", 27.56, 70.87, 0, 270],
		[160, "SW2_6", 84.92, -1008.42, "T", "SMD", "+5V", "", "R", 27.56, 70.87, 0, 270],
		[161, "SW3_1", 495.12, -1305, "T", "SMD", "RST", "", "R", 60.24, 53.54, 0, 180],
		[162, "SW3_2", 334.88, -1305, "T", "SMD", "+5V", "", "R", 60.24, 53.54, 0, 180],
		[163, "SW4_1", 634.91, -1305, "T", "SMD", "P2.0", "", "R", 60.24, 53.54, 0, 0],
		[164, "SW4_2", 795.15, -1305, "T", "SMD", "GND", "GND", "R", 60.24, 53.54, 0, 0],
		[165, "SW5_1", 1095.12, -1305, "T", "SMD", "P2.1", "", "R", 60.24, 53.54, 0, 180],
		[166, "SW5_2", 934.88, -1305, "T", "SMD", "GND", "GND", "R", 60.24, 53.54, 0, 180],
		[167, "U1_1", 920.55, -558.07, "T", "SMD", "GND", "GND", "R", 98.42, 43.31, 0, 90],
		[168, "U1_2", 830, -558.07, "T", "SMD", "3.3V", "", "R", 98.42, 43.31, 0, 90],
		[169, "U1_3", 739.45, -558.07, "T", "SMD", "+5V", "", "R", 98.42, 43.31, 0, 90],
		[170, "U1_4", 830, -791.93, "T", "SMD", "3.3V", "", "R", 92.13, 141.73, 0, 90],
		[171, "U2_1", 1212.52, -1045.79, "T", "SMD", "P1.5", "", "O", 16.54, 65.75, 0, 0],
		[172, "U2_2", 1244.02, -1045.79, "T", "SMD", "P1.6", "", "O", 16.54, 65.75, 0, 0],
		[173, "U2_3", 1275.51, -1045.79, "T", "SMD", "P1.7", "", "O", 16.54, 65.75, 0, 0],
		[174, "U2_4", 1307.01, -1045.79, "T", "SMD", "RST", "", "O", 16.54, 65.75, 0, 0],
		[175, "U2_5", 1338.5, -1045.79, "T", "SMD", "P3.0", "", "O", 16.54, 65.75, 0, 0],
		[176, "U2_6", 1370, -1045.79, "T", "SMD", "P4.3", "", "O", 16.54, 65.75, 0, 0],
		[177, "U2_7", 1401.5, -1045.79, "T", "SMD", "P3.1", "", "O", 16.54, 65.75, 0, 0],
		[178, "U2_8", 1432.99, -1045.79, "T", "SMD", "P3.2", "", "O", 16.54, 65.75, 0, 0],
		[179, "U2_9", 1464.49, -1045.79, "T", "SMD", "P3.3", "", "O", 16.54, 65.75, 0, 0],
		[180, "U2_10", 1495.98, -1045.79, "T", "SMD", "P3.4", "", "O", 16.54, 65.75, 0, 0],
		[181, "U2_11", 1527.48, -1045.79, "T", "SMD", "P3.5", "", "O", 16.54, 65.75, 0, 0],
		[182, "U2_12", 1595.79, -977.48, "T", "SMD", "P3.6", "", "O", 65.75, 16.54, 0, 0],
		[183, "U2_13", 1595.79, -945.98, "T", "SMD", "P3.7", "", "O", 65.75, 16.54, 0, 0],
		[184, "U2_14", 1595.79, -914.49, "T", "SMD", "XTAL2", "", "O", 65.75, 16.54, 0, 0],
		[185, "U2_15", 1595.79, -882.99, "T", "SMD", "XTAL1", "", "O", 65.75, 16.54, 0, 0],
		[186, "U2_16", 1595.79, -851.5, "T", "SMD", "GND", "GND", "O", 65.75, 16.54, 0, 0],
		[187, "U2_17", 1595.79, -820, "T", "SMD", "P4.0", "", "O", 65.75, 16.54, 0, 0],
		[188, "U2_18", 1595.79, -788.5, "T", "SMD", "P2.0", "", "O", 65.75, 16.54, 0, 0],
		[189, "U2_19", 1595.79, -757.01, "T", "SMD", "P2.1", "", "O", 65.75, 16.54, 0, 0],
		[190, "U2_20", 1595.79, -725.51, "T", "SMD", "P2.2", "", "O", 65.75, 16.54, 0, 0],
		[191, "U2_21", 1595.79, -694.02, "T", "SMD", "P2.3", "", "O", 65.75, 16.54, 0, 0],
		[192, "U2_22", 1595.79, -662.52, "T", "SMD", "P2.4", "", "O", 65.75, 16.54, 0, 0],
		[193, "U2_23", 1527.48, -594.21, "T", "SMD", "P2.5", "", "O", 16.54, 65.75, 0, 0],
		[194, "U2_24", 1495.98, -594.21, "T", "SMD", "P2.6", "", "O", 16.54, 65.75, 0, 0],
		[195, "U2_25", 1464.49, -594.21, "T", "SMD", "P2.7", "", "O", 16.54, 65.75, 0, 0],
		[196, "U2_26", 1432.99, -594.21, "T", "SMD", "P4.4", "", "O", 16.54, 65.75, 0, 0],
		[197, "U2_27", 1401.5, -594.21, "T", "SMD", "P4.5", "", "O", 16.54, 65.75, 0, 0],
		[198, "U2_28", 1370, -594.21, "T", "SMD", "P4.1", "", "O", 16.54, 65.75, 0, 0],
		[199, "U2_29", 1338.5, -594.21, "T", "SMD", "P4.6", "", "O", 16.54, 65.75, 0, 0],
		[200, "U2_30", 1307.01, -594.21, "T", "SMD", "P0.7", "", "O", 16.54, 65.75, 0, 0],
		[201, "U2_31", 1275.51, -594.21, "T", "SMD", "P0.6", "", "O", 16.54, 65.75, 0, 0],
		[202, "U2_32", 1244.02, -594.21, "T", "SMD", "P0.5", "", "O", 16.54, 65.75, 0, 0],
		[203, "U2_33", 1212.52, -594.21, "T", "SMD", "P0.4", "", "O", 16.54, 65.75, 0, 0],
		[204, "U2_34", 1144.21, -662.52, "T", "SMD", "P0.3", "", "O", 65.75, 16.54, 0, 0],
		[205, "U2_35", 1144.21, -694.02, "T", "SMD", "P0.2", "", "O", 65.75, 16.54, 0, 0],
		[206, "U2_36", 1144.21, -725.51, "T", "SMD", "P0.1", "", "O", 65.75, 16.54, 0, 0],
		[207, "U2_37", 1144.21, -757.01, "T", "SMD", "P0.0", "", "O", 65.75, 16.54, 0, 0],
		[208, "U2_38", 1144.21, -788.5, "T", "SMD", "+5V", "", "O", 65.75, 16.54, 0, 0],
		[209, "U2_39", 1144.21, -820, "T", "SMD", "P4.2", "", "O", 65.75, 16.54, 0, 0],
		[210, "U2_40", 1144.21, -851.5, "T", "SMD", "P1.0", "", "O", 65.75, 16.54, 0, 0],
		[211, "U2_41", 1144.21, -882.99, "T", "SMD", "P1.1", "", "O", 65.75, 16.54, 0, 0],
		[212, "U2_42", 1144.21, -914.49, "T", "SMD", "P1.2", "", "O", 65.75, 16.54, 0, 0],
		[213, "U2_43", 1144.21, -945.98, "T", "SMD", "P1.3", "", "O", 65.75, 16.54, 0, 0],
		[214, "U2_44", 1144.21, -977.48, "T", "SMD", "P1.4", "", "O", 65.75, 16.54, 0, 0],
		[215, "U3_1", 2055, -652.84, "T", "SMD", "XTAL1", "", "R", 216.54, 55.12, 0, 270],
		[216, "U3_2", 2055, -1007.16, "T", "SMD", "XTAL2", "", "R", 216.54, 55.12, 0, 270],
		[217, "USB1_7", 75.28, -660.07, "T", "DIP", "GND", "GND", "O", 43.31, 74.8, 59.06, 270],
		[218, "USB1_7", 75.28, -660.07, "B", "DIP", "GND", "GND", "O", 43.31, 74.8, 59.06, 270],
		[219, "USB1_7", 75.28, -319.93, "T", "DIP", "GND", "GND", "O", 43.31, 74.8, 59.06, 270],
		[220, "USB1_7", 75.28, -319.93, "B", "DIP", "GND", "GND", "O", 43.31, 74.8, 59.06, 270],
		[221, "USB1_7", 224.89, -660.07, "T", "DIP", "GND", "GND", "O", 43.31, 74.8, 59.06, 270],
		[222, "USB1_7", 224.89, -660.07, "B", "DIP", "GND", "GND", "O", 43.31, 74.8, 59.06, 270],
		[223, "USB1_7", 224.88, -319.93, "T", "DIP", "GND", "GND", "O", 43.31, 74.8, 59.06, 270],
		[224, "USB1_7", 224.88, -319.93, "B", "DIP", "GND", "GND", "O", 43.31, 74.8, 59.06, 270],
		[225, "USB1_A12", 234.72, -596.29, "T", "SMD", "GND", "GND", "R", 31.5, 47.24, 0, 270],
		[226, "USB1_A5", 234.72, -470.31, "T", "SMD", "$1N243", "", "R", 27.56, 47.24, 0, 270],
		[227, "USB1_A9", 234.72, -549.05, "T", "SMD", "VCC+5V", "", "R", 27.56, 47.24, 0, 270],
		[228, "USB1_B12", 234.72, -383.7, "T", "SMD", "GND", "GND", "R", 31.5, 47.24, 0, 270],
		[229, "USB1_B5", 234.72, -509.69, "T", "SMD", "$1N227", "", "R", 27.56, 47.24, 0, 270],
		[230, "USB1_B9", 234.72, -430.94, "T", "SMD", "VCC+5V", "", "R", 27.56, 47.24, 0, 270]
	]
}
}